{"v":"5.7.4","fr":25,"ip":0,"op":750,"w":500,"h":500,"nm":"Dental_Cartoon","ddd":0,"assets":[],"layers":[{"ddd":0,"ind":1,"ty":1,"nm":"CONTROLS","sr":1,"ks":{"o":{"a":0,"k":0,"ix":11},"r":{"a":0,"k":0,"ix":10},"p":{"a":0,"k":[250,250,0],"ix":2,"l":2},"a":{"a":0,"k":[250,250,0],"ix":1,"l":2},"s":{"a":0,"k":[100,100,100],"ix":6,"l":2}},"ao":0,"ef":[{"ty":5,"nm":"Color_1","np":3,"mn":"ADBE Color Control","ix":1,"en":1,"ef":[{"ty":2,"nm":"Cor","mn":"ADBE Color Control-0001","ix":1,"v":{"a":0,"k":[0.509803950787,0.941176533699,0.8156863451,1],"ix":1}}]},{"ty":5,"nm":"Color_2","np":3,"mn":"ADBE Color Control","ix":2,"en":1,"ef":[{"ty":2,"nm":"Cor","mn":"ADBE Color Control-0001","ix":1,"v":{"a":0,"k":[0.098039224744,0.086274512112,0.309803932905,1],"ix":1}}]}],"sw":500,"sh":500,"sc":"#000000","ip":0,"op":750,"st":0,"bm":0},{"ddd":0,"ind":2,"ty":4,"nm":"Layer 4","sr":1,"ks":{"o":{"a":0,"k":100,"ix":11},"r":{"a":0,"k":-45,"ix":10},"p":{"a":1,"k":[{"i":{"x":0.045,"y":1},"o":{"x":0.815,"y":0.025},"t":0,"s":[110.997,255.377,0],"to":[0,-6.667,0],"ti":[0,0,0]},{"i":{"x":0.105,"y":1},"o":{"x":0.895,"y":0},"t":25,"s":[110.997,215.377,0],"to":[0,0,0],"ti":[0,-6.667,0]},{"t":50,"s":[110.997,255.377,0]}],"ix":2,"x":"var $bm_rt;\n$bm_rt = loopOut();","l":2},"a":{"a":0,"k":[-0.003,-3.623,0],"ix":1,"l":2},"s":{"a":1,"k":[{"i":{"x":[0.833,0.833,0.833],"y":[0.833,0.833,0.833]},"o":{"x":[0.167,0.167,0.167],"y":[0.167,0.167,0.167]},"t":0,"s":[0,0,100]},{"t":25,"s":[90,90,100]}],"ix":6,"x":"var $bm_rt;\nfunction easeandwizz_outExpo(t, b, c, d) {\n    var OUT_EXPO_CORRECTION = 1.000976;\n    return t == d ? b + c : c * OUT_EXPO_CORRECTION * (-Math.pow(2, -10 * t / d) + 1) + b;\n}\nfunction easeAndWizz() {\n    var t, d, sX, eX, sY, eY, sZ, eZ, val1, val2, val2, val3;\n    var n = 0;\n    if (numKeys > 0) {\n        n = nearestKey(time).index;\n        if (key(n).time > time) {\n            n--;\n        }\n    }\n    try {\n        var key1 = key(n);\n        var key2 = key($bm_sum(n, 1));\n    } catch (e) {\n        return null;\n    }\n    var dim = 1;\n    try {\n        key(1)[1].length;\n        dim = 2;\n        key(1)[2].length;\n        dim = 3;\n    } catch (e) {\n    }\n    t = $bm_sub(time, key1.time);\n    d = $bm_sub(key2.time, key1.time);\n    sX = key1[0];\n    eX = $bm_sub(key2[0], key1[0]);\n    if (dim >= 2) {\n        sY = key1[1];\n        eY = $bm_sub(key2[1], key1[1]);\n        if (dim >= 3) {\n            sZ = key1[2];\n            eZ = $bm_sub(key2[2], key1[2]);\n        }\n    }\n    if (time < key1.time || time > key2.time) {\n        return value;\n    } else {\n        val1 = easeandwizz_outExpo(t, sX, eX, d);\n        switch (dim) {\n        case 1:\n            return val1;\n            break;\n        case 2:\n            val2 = easeandwizz_outExpo(t, sY, eY, d);\n            return [\n                val1,\n                val2\n            ];\n            break;\n        case 3:\n            val2 = easeandwizz_outExpo(t, sY, eY, d);\n            val3 = easeandwizz_outExpo(t, sZ, eZ, d);\n            return [\n                val1,\n                val2,\n                val3\n            ];\n            break;\n        default:\n            return null;\n        }\n    }\n}\n$bm_rt = easeAndWizz() || value;","l":2}},"ao":0,"ef":[{"ty":21,"nm":"Preenchimento","np":9,"mn":"ADBE Fill","ix":1,"en":1,"ef":[{"ty":10,"nm":"Máscara de preenchimento","mn":"ADBE Fill-0001","ix":1,"v":{"a":0,"k":0,"ix":1}},{"ty":7,"nm":"Todas as máscaras","mn":"ADBE Fill-0007","ix":2,"v":{"a":0,"k":0,"ix":2}},{"ty":2,"nm":"Cor","mn":"ADBE Fill-0002","ix":3,"v":{"a":0,"k":[1,1,1,1],"ix":3,"x":"var $bm_rt;\n$bm_rt = thisComp.layer('CONTROLS').effect('Color_2')('ADBE Color Control-0001');"}},{"ty":7,"nm":"Inverter","mn":"ADBE Fill-0006","ix":4,"v":{"a":0,"k":0,"ix":4}},{"ty":0,"nm":"Difusão horizontal","mn":"ADBE Fill-0003","ix":5,"v":{"a":0,"k":0,"ix":5}},{"ty":0,"nm":"Difusão vertical","mn":"ADBE Fill-0004","ix":6,"v":{"a":0,"k":0,"ix":6}},{"ty":0,"nm":"Opacidade","mn":"ADBE Fill-0005","ix":7,"v":{"a":0,"k":1,"ix":7}}]}],"shapes":[{"ty":"gr","it":[{"ind":0,"ty":"sh","ix":1,"ks":{"a":0,"k":{"i":[[0,0],[0,0],[0,0],[-1.112,0],[-0.857,0.79],[1.768,1.701],[0,0],[0,0],[0,0],[-1.179,0],[-0.844,0.79],[1.701,1.701],[0,0],[0,0],[0,0],[-1.112,0],[-0.857,0.79],[1.768,1.835],[0,0],[0,0],[0,0],[-1.179,0],[-0.844,0.924],[1.701,1.701],[0,0],[0,0],[0,0],[0,0],[0,0]],"o":[[0,0],[0,0],[0.844,0.79],[1.112,0],[1.768,-1.701],[0,0],[0,0],[0,0],[0.857,0.79],[1.112,0],[1.701,-1.687],[0,0],[0,0],[0,0],[0.844,0.79],[1.179,0],[1.768,-1.701],[0,0],[0,0],[0,0],[0.857,0.924],[1.112,0],[1.701,-1.687],[0,0],[0,0],[0,0],[0,0],[0,0],[0,0]],"v":[[31.816,-71.025],[39.985,-79.275],[53.069,-66.19],[56.203,-64.878],[59.284,-66.19],[59.284,-72.472],[46.266,-85.543],[54.77,-94.047],[67.841,-80.976],[70.989,-79.663],[74.055,-80.976],[74.055,-87.243],[61.051,-100.194],[69.609,-108.832],[82.627,-95.748],[85.694,-94.435],[88.841,-95.748],[88.841,-102.029],[75.823,-115.1],[84.328,-123.604],[97.399,-110.533],[100.546,-109.221],[103.613,-110.533],[103.613,-116.801],[90.609,-129.885],[98.778,-137.988],[122.389,-109.475],[79.493,-66.579],[60.395,-47.495]],"c":true},"ix":2},"nm":"Path 1","mn":"ADBE Vector Shape - Group","hd":false},{"ind":1,"ty":"sh","ix":2,"ks":{"a":0,"k":{"i":[[0,0],[3.79,3.79],[-3.723,3.924],[-36.026,12.026]],"o":[[-3.723,3.79],[-3.857,-3.924],[58.726,-60.936],[0,0]],"v":[[-117.149,130.117],[-131.211,130.117],[-131.412,116.121],[33.905,-20.937]],"c":true},"ix":2},"nm":"Path 2","mn":"ADBE Vector Shape - Group","hd":false},{"ind":2,"ty":"sh","ix":3,"ks":{"a":0,"k":{"i":[[1.768,1.701],[1.701,-1.701],[0,0],[0,0],[1.245,0],[0.844,-0.911],[0,0],[0,0],[0,0],[0,0],[0,0],[0,0],[0,0],[-0.067,-1.179],[-0.991,-0.777],[0,0],[0,0],[41.396,-43.164],[-7.326,-7.192],[-5.036,0],[-3.536,3.67],[0,0],[0,0],[0,0]],"o":[[-1.701,-1.701],[0,0],[0,0],[-0.777,-0.924],[-1.312,-0.121],[0,0],[0,0],[0,0],[0,0],[0,0],[0,0.134],[0,0],[-0.911,0.777],[0.067,1.179],[0,0],[0,0],[-41.53,0],[-7.125,7.326],[3.536,3.67],[4.982,0],[0,0],[0,0],[0,0],[1.768,-1.701]],"v":[[141.674,-122.559],[135.46,-122.559],[128.657,-115.756],[102.501,-147.403],[99.367,-148.983],[96.033,-147.67],[66.475,-118.113],[66.475,-118.113],[66.475,-118.113],[36.918,-88.69],[36.918,-88.69],[36.918,-88.556],[22.133,-73.771],[20.834,-70.503],[22.468,-67.369],[54.114,-41.213],[44.699,-31.799],[-137.747,110.108],[-137.425,136.264],[-124.153,141.755],[-110.868,136.264],[49.467,-24.071],[49.601,-24.205],[141.674,-116.278]],"c":true},"ix":2},"nm":"Path 3","mn":"ADBE Vector Shape - Group","hd":false},{"ty":"fl","c":{"a":0,"k":[0.101960785687,0.090196080506,0.105882354081,1],"ix":4},"o":{"a":0,"k":100,"ix":5},"r":1,"bm":0,"nm":"Fill 1","mn":"ADBE Vector Graphic - Fill","hd":false},{"ty":"tr","p":{"a":0,"k":[0,0],"ix":2},"a":{"a":0,"k":[0,0],"ix":1},"s":{"a":0,"k":[100,100],"ix":3},"r":{"a":0,"k":0,"ix":6},"o":{"a":0,"k":100,"ix":7},"sk":{"a":0,"k":0,"ix":4},"sa":{"a":0,"k":0,"ix":5},"nm":"Transformar"}],"nm":"Group 1","np":4,"cix":2,"bm":0,"ix":1,"mn":"ADBE Vector Group","hd":false}],"ip":0,"op":750,"st":0,"bm":0},{"ddd":0,"ind":3,"ty":4,"nm":"Layer 3","parent":2,"sr":1,"ks":{"o":{"a":0,"k":100,"ix":11},"r":{"a":0,"k":0,"ix":10},"p":{"a":0,"k":[-0.003,-3.623,0],"ix":2,"l":2},"a":{"a":0,"k":[-0.003,-3.623,0],"ix":1,"l":2},"s":{"a":0,"k":[100,100,100],"ix":6,"l":2}},"ao":0,"ef":[{"ty":21,"nm":"Preenchimento","np":9,"mn":"ADBE Fill","ix":1,"en":1,"ef":[{"ty":10,"nm":"Máscara de preenchimento","mn":"ADBE Fill-0001","ix":1,"v":{"a":0,"k":0,"ix":1}},{"ty":7,"nm":"Todas as máscaras","mn":"ADBE Fill-0007","ix":2,"v":{"a":0,"k":0,"ix":2}},{"ty":2,"nm":"Cor","mn":"ADBE Fill-0002","ix":3,"v":{"a":0,"k":[1,1,1,1],"ix":3,"x":"var $bm_rt;\n$bm_rt = thisComp.layer('CONTROLS').effect('Color_1')('ADBE Color Control-0001');"}},{"ty":7,"nm":"Inverter","mn":"ADBE Fill-0006","ix":4,"v":{"a":0,"k":0,"ix":4}},{"ty":0,"nm":"Difusão horizontal","mn":"ADBE Fill-0003","ix":5,"v":{"a":0,"k":0,"ix":5}},{"ty":0,"nm":"Difusão vertical","mn":"ADBE Fill-0004","ix":6,"v":{"a":0,"k":0,"ix":6}},{"ty":0,"nm":"Opacidade","mn":"ADBE Fill-0005","ix":7,"v":{"a":0,"k":1,"ix":7}}]}],"shapes":[{"ty":"gr","it":[{"ind":0,"ty":"sh","ix":1,"ks":{"a":0,"k":{"i":[[0,0],[0,0],[0,0],[-1.112,0],[-0.857,0.79],[1.768,1.701],[0,0],[0,0],[0,0],[-1.179,0],[-0.844,0.79],[1.701,1.701],[0,0],[0,0],[0,0],[-1.112,0],[-0.857,0.79],[1.768,1.835],[0,0],[0,0],[0,0],[-1.179,0],[-0.844,0.924],[1.701,1.701],[0,0],[0,0],[0,0],[0,0],[0,0]],"o":[[0,0],[0,0],[0.844,0.79],[1.112,0],[1.768,-1.701],[0,0],[0,0],[0,0],[0.857,0.79],[1.112,0],[1.701,-1.687],[0,0],[0,0],[0,0],[0.844,0.79],[1.179,0],[1.768,-1.701],[0,0],[0,0],[0,0],[0.857,0.924],[1.112,0],[1.701,-1.687],[0,0],[0,0],[0,0],[0,0],[0,0],[0,0]],"v":[[31.816,-71.025],[39.985,-79.275],[53.069,-66.19],[56.203,-64.878],[59.284,-66.19],[59.284,-72.472],[46.266,-85.543],[54.77,-94.047],[67.841,-80.976],[70.989,-79.663],[74.055,-80.976],[74.055,-87.243],[61.051,-100.194],[69.609,-108.832],[82.627,-95.748],[85.694,-94.435],[88.841,-95.748],[88.841,-102.029],[75.823,-115.1],[84.328,-123.604],[97.399,-110.533],[100.546,-109.221],[103.613,-110.533],[103.613,-116.801],[90.609,-129.885],[98.778,-137.988],[122.389,-109.475],[79.493,-66.579],[60.395,-47.495]],"c":true},"ix":2},"nm":"Path 1","mn":"ADBE Vector Shape - Group","hd":false},{"ind":1,"ty":"sh","ix":2,"ks":{"a":0,"k":{"i":[[0,0],[3.79,3.79],[-3.723,3.924],[-36.026,12.026]],"o":[[-3.723,3.79],[-3.857,-3.924],[58.726,-60.936],[0,0]],"v":[[-117.149,130.117],[-131.211,130.117],[-131.412,116.121],[33.905,-20.937]],"c":true},"ix":2},"nm":"Path 2","mn":"ADBE Vector Shape - Group","hd":false},{"ty":"fl","c":{"a":0,"k":[0.101960785687,0.090196080506,0.105882354081,1],"ix":4},"o":{"a":0,"k":100,"ix":5},"r":1,"bm":0,"nm":"Fill 1","mn":"ADBE Vector Graphic - Fill","hd":false},{"ty":"tr","p":{"a":0,"k":[0,0],"ix":2},"a":{"a":0,"k":[0,0],"ix":1},"s":{"a":0,"k":[100,100],"ix":3},"r":{"a":0,"k":0,"ix":6},"o":{"a":0,"k":100,"ix":7},"sk":{"a":0,"k":0,"ix":4},"sa":{"a":0,"k":0,"ix":5},"nm":"Transformar"}],"nm":"Group 1","np":3,"cix":2,"bm":0,"ix":1,"mn":"ADBE Vector Group","hd":false}],"ip":0,"op":750,"st":0,"bm":0},{"ddd":0,"ind":4,"ty":4,"nm":"Shape Layer 3","parent":8,"sr":1,"ks":{"o":{"a":0,"k":100,"ix":11},"r":{"a":0,"k":0,"ix":10},"p":{"a":0,"k":[36,50.835,0],"ix":2,"l":2},"a":{"a":0,"k":[0,0,0],"ix":1,"l":2},"s":{"a":0,"k":[68.493,68.493,100],"ix":6,"l":2}},"ao":0,"ef":[{"ty":21,"nm":"Preenchimento","np":9,"mn":"ADBE Fill","ix":1,"en":1,"ef":[{"ty":10,"nm":"Máscara de preenchimento","mn":"ADBE Fill-0001","ix":1,"v":{"a":0,"k":0,"ix":1}},{"ty":7,"nm":"Todas as máscaras","mn":"ADBE Fill-0007","ix":2,"v":{"a":0,"k":0,"ix":2}},{"ty":2,"nm":"Cor","mn":"ADBE Fill-0002","ix":3,"v":{"a":0,"k":[1,1,1,1],"ix":3,"x":"var $bm_rt;\n$bm_rt = thisComp.layer('CONTROLS').effect('Color_2')('ADBE Color Control-0001');"}},{"ty":7,"nm":"Inverter","mn":"ADBE Fill-0006","ix":4,"v":{"a":0,"k":0,"ix":4}},{"ty":0,"nm":"Difusão horizontal","mn":"ADBE Fill-0003","ix":5,"v":{"a":0,"k":0,"ix":5}},{"ty":0,"nm":"Difusão vertical","mn":"ADBE Fill-0004","ix":6,"v":{"a":0,"k":0,"ix":6}},{"ty":0,"nm":"Opacidade","mn":"ADBE Fill-0005","ix":7,"v":{"a":0,"k":1,"ix":7}}]},{"ty":5,"nm":"CC Bend It","np":7,"mn":"CC Bend It","ix":2,"en":1,"ef":[{"ty":0,"nm":"Bend","mn":"CC Bend It-0001","ix":1,"v":{"a":1,"k":[{"i":{"x":[0.045],"y":[1]},"o":{"x":[0.815],"y":[0.025]},"t":0,"s":[-5]},{"i":{"x":[0.105],"y":[1]},"o":{"x":[0.895],"y":[0]},"t":25,"s":[5]},{"t":50,"s":[-5]}],"ix":1,"x":"var $bm_rt;\n$bm_rt = loopOut();"}},{"ty":3,"nm":"Start","mn":"CC Bend It-0002","ix":2,"v":{"a":0,"k":[402,480],"ix":2}},{"ty":3,"nm":"End","mn":"CC Bend It-0003","ix":3,"v":{"a":0,"k":[409,7],"ix":3}},{"ty":7,"nm":"Render Prestart","mn":"CC Bend It-0004","ix":4,"v":{"a":0,"k":3,"ix":4}},{"ty":7,"nm":"Distort","mn":"CC Bend It-0005","ix":5,"v":{"a":0,"k":1,"ix":5}}]}],"shapes":[{"ty":"gr","it":[{"ind":0,"ty":"sh","ix":1,"ks":{"a":0,"k":{"i":[[0,0],[16,-19],[0,0]],"o":[[0,0],[-16,19],[0,0]],"v":[[166,-3],[203,48],[143,58]],"c":false},"ix":2},"nm":"Path 1","mn":"ADBE Vector Shape - Group","hd":false},{"ty":"st","c":{"a":0,"k":[1,1,1,1],"ix":3},"o":{"a":0,"k":100,"ix":4},"w":{"a":0,"k":10,"ix":5},"lc":2,"lj":2,"bm":0,"nm":"Stroke 1","mn":"ADBE Vector Graphic - Stroke","hd":false},{"ty":"tr","p":{"a":0,"k":[0,0],"ix":2},"a":{"a":0,"k":[0,0],"ix":1},"s":{"a":0,"k":[100,100],"ix":3},"r":{"a":0,"k":0,"ix":6},"o":{"a":0,"k":100,"ix":7},"sk":{"a":0,"k":0,"ix":4},"sa":{"a":0,"k":0,"ix":5},"nm":"Transformar"}],"nm":"Shape 1","np":3,"cix":2,"bm":0,"ix":1,"mn":"ADBE Vector Group","hd":false}],"ip":0,"op":750,"st":0,"bm":0},{"ddd":0,"ind":5,"ty":4,"nm":"Shape Layer 2","parent":8,"sr":1,"ks":{"o":{"a":0,"k":100,"ix":11},"r":{"a":0,"k":0,"ix":10},"p":{"a":0,"k":[36,50.835,0],"ix":2,"l":2},"a":{"a":0,"k":[0,0,0],"ix":1,"l":2},"s":{"a":0,"k":[68.493,68.493,100],"ix":6,"l":2}},"ao":0,"ef":[{"ty":21,"nm":"Preenchimento","np":9,"mn":"ADBE Fill","ix":1,"en":1,"ef":[{"ty":10,"nm":"Máscara de preenchimento","mn":"ADBE Fill-0001","ix":1,"v":{"a":0,"k":0,"ix":1}},{"ty":7,"nm":"Todas as máscaras","mn":"ADBE Fill-0007","ix":2,"v":{"a":0,"k":0,"ix":2}},{"ty":2,"nm":"Cor","mn":"ADBE Fill-0002","ix":3,"v":{"a":0,"k":[1,1,1,1],"ix":3,"x":"var $bm_rt;\n$bm_rt = thisComp.layer('CONTROLS').effect('Color_2')('ADBE Color Control-0001');"}},{"ty":7,"nm":"Inverter","mn":"ADBE Fill-0006","ix":4,"v":{"a":0,"k":0,"ix":4}},{"ty":0,"nm":"Difusão horizontal","mn":"ADBE Fill-0003","ix":5,"v":{"a":0,"k":0,"ix":5}},{"ty":0,"nm":"Difusão vertical","mn":"ADBE Fill-0004","ix":6,"v":{"a":0,"k":0,"ix":6}},{"ty":0,"nm":"Opacidade","mn":"ADBE Fill-0005","ix":7,"v":{"a":0,"k":1,"ix":7}}]},{"ty":5,"nm":"CC Bend It","np":7,"mn":"CC Bend It","ix":2,"en":1,"ef":[{"ty":0,"nm":"Bend","mn":"CC Bend It-0001","ix":1,"v":{"a":1,"k":[{"i":{"x":[0.045],"y":[1]},"o":{"x":[0.815],"y":[0.025]},"t":0,"s":[-5]},{"i":{"x":[0.105],"y":[1]},"o":{"x":[0.895],"y":[0]},"t":25,"s":[5]},{"t":50,"s":[-5]}],"ix":1,"x":"var $bm_rt;\n$bm_rt = loopOut();"}},{"ty":3,"nm":"Start","mn":"CC Bend It-0002","ix":2,"v":{"a":0,"k":[171,474],"ix":2}},{"ty":3,"nm":"End","mn":"CC Bend It-0003","ix":3,"v":{"a":0,"k":[157,9],"ix":3}},{"ty":7,"nm":"Render Prestart","mn":"CC Bend It-0004","ix":4,"v":{"a":0,"k":3,"ix":4}},{"ty":7,"nm":"Distort","mn":"CC Bend It-0005","ix":5,"v":{"a":0,"k":1,"ix":5}}]}],"shapes":[{"ty":"gr","it":[{"ind":0,"ty":"sh","ix":1,"ks":{"a":1,"k":[{"i":{"x":0.045,"y":1},"o":{"x":0.815,"y":0.025},"t":0,"s":[{"i":[[0,0],[33,60]],"o":[[0,0],[-33,-60]],"v":[[-71,-5],[-135,25]],"c":false}]},{"i":{"x":0.111,"y":1},"o":{"x":0.895,"y":0},"t":25,"s":[{"i":[[0,0],[33,60]],"o":[[0,0],[-33,-60]],"v":[[-71,-5],[-135,-15]],"c":false}]},{"i":{"x":0.045,"y":1},"o":{"x":0.815,"y":0.025},"t":50,"s":[{"i":[[0,0],[33,60]],"o":[[0,0],[-33,-60]],"v":[[-71,-5],[-135,25]],"c":false}]},{"i":{"x":0.111,"y":1},"o":{"x":0.895,"y":0},"t":75,"s":[{"i":[[0,0],[33,60]],"o":[[0,0],[-33,-60]],"v":[[-71,-5],[-135,-15]],"c":false}]},{"i":{"x":0.045,"y":1},"o":{"x":0.815,"y":0.025},"t":100,"s":[{"i":[[0,0],[33,60]],"o":[[0,0],[-33,-60]],"v":[[-71,-5],[-135,25]],"c":false}]},{"i":{"x":0.111,"y":1},"o":{"x":0.895,"y":0},"t":125,"s":[{"i":[[0,0],[33,60]],"o":[[0,0],[-33,-60]],"v":[[-71,-5],[-135,-15]],"c":false}]},{"i":{"x":0.045,"y":1},"o":{"x":0.815,"y":0.025},"t":150,"s":[{"i":[[0,0],[33,60]],"o":[[0,0],[-33,-60]],"v":[[-71,-5],[-135,25]],"c":false}]},{"i":{"x":0.111,"y":1},"o":{"x":0.895,"y":0},"t":175,"s":[{"i":[[0,0],[33,60]],"o":[[0,0],[-33,-60]],"v":[[-71,-5],[-135,-15]],"c":false}]},{"i":{"x":0.045,"y":1},"o":{"x":0.815,"y":0.025},"t":200,"s":[{"i":[[0,0],[33,60]],"o":[[0,0],[-33,-60]],"v":[[-71,-5],[-135,25]],"c":false}]},{"i":{"x":0.111,"y":1},"o":{"x":0.895,"y":0},"t":225,"s":[{"i":[[0,0],[33,60]],"o":[[0,0],[-33,-60]],"v":[[-71,-5],[-135,-15]],"c":false}]},{"i":{"x":0.045,"y":1},"o":{"x":0.815,"y":0.025},"t":250,"s":[{"i":[[0,0],[33,60]],"o":[[0,0],[-33,-60]],"v":[[-71,-5],[-135,25]],"c":false}]},{"i":{"x":0.111,"y":1},"o":{"x":0.895,"y":0},"t":275,"s":[{"i":[[0,0],[33,60]],"o":[[0,0],[-33,-60]],"v":[[-71,-5],[-135,-15]],"c":false}]},{"i":{"x":0.045,"y":1},"o":{"x":0.815,"y":0.025},"t":300,"s":[{"i":[[0,0],[33,60]],"o":[[0,0],[-33,-60]],"v":[[-71,-5],[-135,25]],"c":false}]},{"i":{"x":0.111,"y":1},"o":{"x":0.895,"y":0},"t":325,"s":[{"i":[[0,0],[33,60]],"o":[[0,0],[-33,-60]],"v":[[-71,-5],[-135,-15]],"c":false}]},{"i":{"x":0.045,"y":1},"o":{"x":0.815,"y":0.025},"t":350,"s":[{"i":[[0,0],[33,60]],"o":[[0,0],[-33,-60]],"v":[[-71,-5],[-135,25]],"c":false}]},{"i":{"x":0.111,"y":1},"o":{"x":0.895,"y":0},"t":375,"s":[{"i":[[0,0],[33,60]],"o":[[0,0],[-33,-60]],"v":[[-71,-5],[-135,-15]],"c":false}]},{"i":{"x":0.045,"y":1},"o":{"x":0.815,"y":0.025},"t":400,"s":[{"i":[[0,0],[33,60]],"o":[[0,0],[-33,-60]],"v":[[-71,-5],[-135,25]],"c":false}]},{"i":{"x":0.111,"y":1},"o":{"x":0.895,"y":0},"t":425,"s":[{"i":[[0,0],[33,60]],"o":[[0,0],[-33,-60]],"v":[[-71,-5],[-135,-15]],"c":false}]},{"i":{"x":0.045,"y":1},"o":{"x":0.815,"y":0.025},"t":450,"s":[{"i":[[0,0],[33,60]],"o":[[0,0],[-33,-60]],"v":[[-71,-5],[-135,25]],"c":false}]},{"i":{"x":0.111,"y":1},"o":{"x":0.895,"y":0},"t":475,"s":[{"i":[[0,0],[33,60]],"o":[[0,0],[-33,-60]],"v":[[-71,-5],[-135,-15]],"c":false}]},{"i":{"x":0.045,"y":1},"o":{"x":0.815,"y":0.025},"t":500,"s":[{"i":[[0,0],[33,60]],"o":[[0,0],[-33,-60]],"v":[[-71,-5],[-135,25]],"c":false}]},{"i":{"x":0.111,"y":1},"o":{"x":0.895,"y":0},"t":525,"s":[{"i":[[0,0],[33,60]],"o":[[0,0],[-33,-60]],"v":[[-71,-5],[-135,-15]],"c":false}]},{"i":{"x":0.045,"y":1},"o":{"x":0.815,"y":0.025},"t":550,"s":[{"i":[[0,0],[33,60]],"o":[[0,0],[-33,-60]],"v":[[-71,-5],[-135,25]],"c":false}]},{"i":{"x":0.111,"y":1},"o":{"x":0.895,"y":0},"t":575,"s":[{"i":[[0,0],[33,60]],"o":[[0,0],[-33,-60]],"v":[[-71,-5],[-135,-15]],"c":false}]},{"i":{"x":0.045,"y":1},"o":{"x":0.815,"y":0.025},"t":600,"s":[{"i":[[0,0],[33,60]],"o":[[0,0],[-33,-60]],"v":[[-71,-5],[-135,25]],"c":false}]},{"i":{"x":0.111,"y":1},"o":{"x":0.895,"y":0},"t":625,"s":[{"i":[[0,0],[33,60]],"o":[[0,0],[-33,-60]],"v":[[-71,-5],[-135,-15]],"c":false}]},{"i":{"x":0.045,"y":1},"o":{"x":0.815,"y":0.025},"t":650,"s":[{"i":[[0,0],[33,60]],"o":[[0,0],[-33,-60]],"v":[[-71,-5],[-135,25]],"c":false}]},{"i":{"x":0.111,"y":1},"o":{"x":0.895,"y":0},"t":675,"s":[{"i":[[0,0],[33,60]],"o":[[0,0],[-33,-60]],"v":[[-71,-5],[-135,-15]],"c":false}]},{"i":{"x":0.045,"y":1},"o":{"x":0.815,"y":0.025},"t":700,"s":[{"i":[[0,0],[33,60]],"o":[[0,0],[-33,-60]],"v":[[-71,-5],[-135,25]],"c":false}]},{"i":{"x":0.111,"y":1},"o":{"x":0.895,"y":0},"t":725,"s":[{"i":[[0,0],[33,60]],"o":[[0,0],[-33,-60]],"v":[[-71,-5],[-135,-15]],"c":false}]},{"i":{"x":0.045,"y":1},"o":{"x":0.815,"y":0.025},"t":750,"s":[{"i":[[0,0],[33,60]],"o":[[0,0],[-33,-60]],"v":[[-71,-5],[-135,25]],"c":false}]},{"i":{"x":0.111,"y":1},"o":{"x":0.895,"y":0},"t":775,"s":[{"i":[[0,0],[33,60]],"o":[[0,0],[-33,-60]],"v":[[-71,-5],[-135,-15]],"c":false}]},{"t":800,"s":[{"i":[[0,0],[33,60]],"o":[[0,0],[-33,-60]],"v":[[-71,-5],[-135,25]],"c":false}]}],"ix":2},"nm":"Path 1","mn":"ADBE Vector Shape - Group","hd":false},{"ty":"st","c":{"a":0,"k":[1,1,1,1],"ix":3},"o":{"a":0,"k":100,"ix":4},"w":{"a":0,"k":10,"ix":5},"lc":2,"lj":2,"bm":0,"nm":"Stroke 1","mn":"ADBE Vector Graphic - Stroke","hd":false},{"ty":"tr","p":{"a":0,"k":[0,0],"ix":2},"a":{"a":0,"k":[0,0],"ix":1},"s":{"a":0,"k":[100,100],"ix":3},"r":{"a":0,"k":0,"ix":6},"o":{"a":0,"k":100,"ix":7},"sk":{"a":0,"k":0,"ix":4},"sa":{"a":0,"k":0,"ix":5},"nm":"Transformar"}],"nm":"Shape 1","np":3,"cix":2,"bm":0,"ix":1,"mn":"ADBE Vector Group","hd":false}],"ip":0,"op":750,"st":0,"bm":0},{"ddd":0,"ind":6,"ty":4,"nm":"Shape Layer 1","parent":8,"sr":1,"ks":{"o":{"a":0,"k":100,"ix":11},"r":{"a":0,"k":0,"ix":10},"p":{"a":0,"k":[70.247,44.328,0],"ix":2,"l":2},"a":{"a":0,"k":[0,0,0],"ix":1,"l":2},"s":{"a":0,"k":[68.493,68.493,100],"ix":6,"l":2}},"ao":0,"ef":[{"ty":21,"nm":"Preenchimento","np":9,"mn":"ADBE Fill","ix":1,"en":1,"ef":[{"ty":10,"nm":"Máscara de preenchimento","mn":"ADBE Fill-0001","ix":1,"v":{"a":0,"k":0,"ix":1}},{"ty":7,"nm":"Todas as máscaras","mn":"ADBE Fill-0007","ix":2,"v":{"a":0,"k":0,"ix":2}},{"ty":2,"nm":"Cor","mn":"ADBE Fill-0002","ix":3,"v":{"a":0,"k":[1,1,1,1],"ix":3,"x":"var $bm_rt;\n$bm_rt = thisComp.layer('CONTROLS').effect('Color_2')('ADBE Color Control-0001');"}},{"ty":7,"nm":"Inverter","mn":"ADBE Fill-0006","ix":4,"v":{"a":0,"k":0,"ix":4}},{"ty":0,"nm":"Difusão horizontal","mn":"ADBE Fill-0003","ix":5,"v":{"a":0,"k":0,"ix":5}},{"ty":0,"nm":"Difusão vertical","mn":"ADBE Fill-0004","ix":6,"v":{"a":0,"k":0,"ix":6}},{"ty":0,"nm":"Opacidade","mn":"ADBE Fill-0005","ix":7,"v":{"a":0,"k":1,"ix":7}}]},{"ty":5,"nm":"CC Bend It","np":7,"mn":"CC Bend It","ix":2,"en":1,"ef":[{"ty":0,"nm":"Bend","mn":"CC Bend It-0001","ix":1,"v":{"a":1,"k":[{"i":{"x":[0.045],"y":[1]},"o":{"x":[0.815],"y":[0.025]},"t":0,"s":[-5]},{"i":{"x":[0.105],"y":[1]},"o":{"x":[0.895],"y":[0]},"t":25,"s":[5]},{"t":50,"s":[-5]}],"ix":1,"x":"var $bm_rt;\n$bm_rt = loopOut();"}},{"ty":3,"nm":"Start","mn":"CC Bend It-0002","ix":2,"v":{"a":0,"k":[298,478],"ix":2}},{"ty":3,"nm":"End","mn":"CC Bend It-0003","ix":3,"v":{"a":0,"k":[291,8],"ix":3}},{"ty":7,"nm":"Render Prestart","mn":"CC Bend It-0004","ix":4,"v":{"a":0,"k":3,"ix":4}},{"ty":7,"nm":"Distort","mn":"CC Bend It-0005","ix":5,"v":{"a":0,"k":1,"ix":5}}]}],"shapes":[{"ty":"gr","it":[{"ind":0,"ty":"sh","ix":1,"ks":{"a":0,"k":{"i":[[0,0],[-22,31.5]],"o":[[0,0],[22,-31.5]],"v":[[-25.5,41],[16.5,39.5]],"c":false},"ix":2},"nm":"Path 1","mn":"ADBE Vector Shape - Group","hd":false},{"ty":"st","c":{"a":0,"k":[1,1,1,1],"ix":3},"o":{"a":0,"k":100,"ix":4},"w":{"a":0,"k":10,"ix":5},"lc":2,"lj":2,"bm":0,"nm":"Stroke 1","mn":"ADBE Vector Graphic - Stroke","hd":false},{"ty":"tr","p":{"a":0,"k":[0,0],"ix":2},"a":{"a":0,"k":[0,0],"ix":1},"s":{"a":0,"k":[100,100],"ix":3},"r":{"a":0,"k":0,"ix":6},"o":{"a":0,"k":100,"ix":7},"sk":{"a":0,"k":0,"ix":4},"sa":{"a":0,"k":0,"ix":5},"nm":"Transformar"}],"nm":"Shape 1","np":2,"cix":2,"bm":0,"ix":1,"mn":"ADBE Vector Group","hd":false},{"ty":"gr","it":[{"d":1,"ty":"el","s":{"a":0,"k":[19.738,19.738],"ix":2},"p":{"a":0,"k":[97,0],"ix":3},"nm":"Ellipse Path 1","mn":"ADBE Vector Shape - Ellipse","hd":false},{"ty":"fl","c":{"a":0,"k":[1,0,0,1],"ix":4},"o":{"a":0,"k":100,"ix":5},"r":1,"bm":0,"nm":"Fill 1","mn":"ADBE Vector Graphic - Fill","hd":false},{"ty":"tr","p":{"a":0,"k":[-50.131,-20.131],"ix":2},"a":{"a":0,"k":[0,0],"ix":1},"s":{"a":0,"k":[100,100],"ix":3},"r":{"a":0,"k":0,"ix":6},"o":{"a":0,"k":100,"ix":7},"sk":{"a":0,"k":0,"ix":4},"sa":{"a":0,"k":0,"ix":5},"nm":"Transformar"}],"nm":"Ellipse 2","np":3,"cix":2,"bm":0,"ix":2,"mn":"ADBE Vector Group","hd":false},{"ty":"gr","it":[{"d":1,"ty":"el","s":{"a":0,"k":[19.738,19.738],"ix":2},"p":{"a":0,"k":[0,0],"ix":3},"nm":"Ellipse Path 1","mn":"ADBE Vector Shape - Ellipse","hd":false},{"ty":"fl","c":{"a":0,"k":[1,0,0,1],"ix":4},"o":{"a":0,"k":100,"ix":5},"r":1,"bm":0,"nm":"Fill 1","mn":"ADBE Vector Graphic - Fill","hd":false},{"ty":"tr","p":{"a":0,"k":[-50.131,-20.131],"ix":2},"a":{"a":0,"k":[0,0],"ix":1},"s":{"a":0,"k":[100,100],"ix":3},"r":{"a":0,"k":0,"ix":6},"o":{"a":0,"k":100,"ix":7},"sk":{"a":0,"k":0,"ix":4},"sa":{"a":0,"k":0,"ix":5},"nm":"Transformar"}],"nm":"Ellipse 1","np":2,"cix":2,"bm":0,"ix":3,"mn":"ADBE Vector Group","hd":false}],"ip":0,"op":750,"st":0,"bm":0},{"ddd":0,"ind":7,"ty":4,"nm":"Layer 1","parent":8,"sr":1,"ks":{"o":{"a":0,"k":100,"ix":11},"r":{"a":0,"k":0,"ix":10},"p":{"a":0,"k":[69.219,-47.044,0],"ix":2,"l":2},"a":{"a":0,"k":[11.5,4.096,0],"ix":1,"l":2},"s":{"a":0,"k":[60.274,60.274,100],"ix":6,"l":2}},"ao":0,"ef":[{"ty":5,"nm":"CC Bend It","np":7,"mn":"CC Bend It","ix":1,"en":1,"ef":[{"ty":0,"nm":"Bend","mn":"CC Bend It-0001","ix":1,"v":{"a":1,"k":[{"i":{"x":[0.045],"y":[1]},"o":{"x":[0.815],"y":[0.025]},"t":0,"s":[-5]},{"i":{"x":[0.105],"y":[1]},"o":{"x":[0.895],"y":[0]},"t":25,"s":[5]},{"t":50,"s":[-5]}],"ix":1,"x":"var $bm_rt;\n$bm_rt = loopOut();"}},{"ty":3,"nm":"Start","mn":"CC Bend It-0002","ix":2,"v":{"a":0,"k":[298,478],"ix":2}},{"ty":3,"nm":"End","mn":"CC Bend It-0003","ix":3,"v":{"a":0,"k":[291,8],"ix":3}},{"ty":7,"nm":"Render Prestart","mn":"CC Bend It-0004","ix":4,"v":{"a":0,"k":3,"ix":4}},{"ty":7,"nm":"Distort","mn":"CC Bend It-0005","ix":5,"v":{"a":0,"k":1,"ix":5}}]}],"shapes":[{"ty":"gr","it":[{"ind":0,"ty":"sh","ix":1,"ks":{"a":0,"k":{"i":[[-7.847,5.872],[0.028,-4.075],[-3.072,-4.417],[-7.945,-3.609],[-11.215,-0.697],[-13.409,2.118],[-7.3,-1.347],[-13.976,-25.561],[-3.243,-12.257],[0.748,-4.94],[0.36,1.145],[0.397,0.644],[16.017,11.438],[22.839,-3.027],[9.903,-1.766],[13.301,1.357],[5.479,2.195],[4.031,4.865],[-4.763,17.15]],"o":[[-0.197,4.25],[-0.038,5.456],[4.995,7.183],[10.465,4.753],[13.584,0.844],[7.35,-1.161],[27.972,5.161],[6.056,11.075],[1.141,4.312],[-1.203,-0.968],[-0.232,-0.736],[-9.821,-15.911],[-19.555,-13.964],[-9.977,1.322],[-13.284,2.369],[-5.769,-0.588],[-5.888,-2.359],[-10.776,-13.006],[2.596,-9.346]],"v":[[-55.474,-68.215],[-56.526,-55.957],[-51.957,-41.265],[-32.371,-25.398],[0.462,-19.009],[40.94,-21.387],[62.877,-21.067],[126.841,23.217],[141.91,57.65],[143.255,71.245],[141.392,67.962],[140.591,65.791],[105.634,22.417],[42.258,8.374],[12.495,13.307],[-27.429,13.274],[-44.385,9.623],[-59.406,-0.957],[-71.432,-45.505]],"c":true},"ix":2},"nm":"Path 1","mn":"ADBE Vector Shape - Group","hd":false},{"ty":"fl","c":{"a":0,"k":[0,0,0,1],"ix":4,"x":"var $bm_rt;\n$bm_rt = thisComp.layer('CONTROLS').effect('Color_1')('ADBE Color Control-0001');"},"o":{"a":0,"k":100,"ix":5},"r":1,"bm":0,"nm":"Fill 1","mn":"ADBE Vector Graphic - Fill","hd":false},{"ty":"tr","p":{"a":0,"k":[0,0],"ix":2},"a":{"a":0,"k":[0,0],"ix":1},"s":{"a":0,"k":[100,100],"ix":3},"r":{"a":0,"k":0,"ix":6},"o":{"a":0,"k":100,"ix":7},"sk":{"a":0,"k":0,"ix":4},"sa":{"a":0,"k":0,"ix":5},"nm":"Transformar"}],"nm":"Group 1","np":2,"cix":2,"bm":0,"ix":1,"mn":"ADBE Vector Group","hd":false},{"ty":"gr","it":[{"ind":0,"ty":"sh","ix":1,"ks":{"a":0,"k":{"i":[[-5.744,-2.313],[1.605,-0.34],[5.918,-17.411],[-5.791,-12.851],[-19.89,-7.287],[-6.371,0.591],[-13.808,1.766],[-8.16,2.618],[-15.038,-1.769],[-13.801,-11.896],[-3.8,-7.882],[1.114,0.834],[9.479,3.989],[14.491,-1.623],[14.535,-4.694],[16.738,-0.549],[13.742,2.881],[5.469,3.436],[2.09,0.98],[4.057,17.726],[-3.794,12.935],[-10.953,11.4],[-9.786,2.447]],"o":[[-1.212,2.52],[-18.995,4.023],[-4.839,14.236],[8.683,19.27],[6.187,2.267],[13.863,-1.286],[8.421,-1.077],[14.359,-4.606],[18.241,2.146],[6.038,5.204],[-2.346,-0.226],[-8.274,-6.194],[-13.979,-5.884],[-15.325,1.717],[-15.988,5.163],[-13.972,0.458],[-6.32,-1.325],[-1.967,-1.235],[-17.3,-8.111],[-2.925,-12.777],[4.46,-15.207],[6.77,-7.046],[5.601,-1.401]],"v":[[-54.88,-68.56],[-59.649,-65.728],[-94.613,-31.354],[-90.506,9.207],[-47.06,48.74],[-28.171,50.753],[13.362,46.332],[38.354,41.298],[82.469,36.605],[130.434,58.222],[144,78.353],[139.496,76.217],[112.549,61.55],[69.618,58.518],[25.307,70.095],[-23.753,78.372],[-65.359,75.589],[-83.054,68.516],[-89.01,64.907],[-118.923,24.398],[-118.012,-13.998],[-95.822,-54.209],[-71.637,-69.559]],"c":true},"ix":2},"nm":"Path 1","mn":"ADBE Vector Shape - Group","hd":false},{"ty":"fl","c":{"a":0,"k":[0.301960796118,0.698039233685,0.882352948189,1],"ix":4,"x":"var $bm_rt;\n$bm_rt = thisComp.layer('CONTROLS').effect('Color_2')('ADBE Color Control-0001');"},"o":{"a":0,"k":100,"ix":5},"r":1,"bm":0,"nm":"Fill 1","mn":"ADBE Vector Graphic - Fill","hd":false},{"ty":"tr","p":{"a":0,"k":[0,0],"ix":2},"a":{"a":0,"k":[0,0],"ix":1},"s":{"a":0,"k":[100,100],"ix":3},"r":{"a":0,"k":0,"ix":6},"o":{"a":0,"k":100,"ix":7},"sk":{"a":0,"k":0,"ix":4},"sa":{"a":0,"k":0,"ix":5},"nm":"Transformar"}],"nm":"Group 2","np":2,"cix":2,"bm":0,"ix":2,"mn":"ADBE Vector Group","hd":false}],"ip":0,"op":750,"st":0,"bm":0},{"ddd":0,"ind":8,"ty":4,"nm":"Layer 35","sr":1,"ks":{"o":{"a":0,"k":100,"ix":11},"r":{"a":0,"k":0,"ix":10},"p":{"a":0,"k":[292.61,285.868,0],"ix":2,"l":2},"a":{"a":0,"k":[68.61,67.868,0],"ix":1,"l":2},"s":{"a":1,"k":[{"i":{"x":[0.833,0.833,0.833],"y":[0.833,0.833,0.833]},"o":{"x":[0.167,0.167,0.167],"y":[0.167,0.167,0.167]},"t":0,"s":[0,0,100]},{"t":25,"s":[146,146,100]}],"ix":6,"x":"var $bm_rt;\nfunction easeandwizz_outElastic(t, b, c, d, a, p) {\n    var s;\n    var p = 0.81;\n    var a = 50;\n    if (t == 0)\n        return b;\n    if ((t /= d) == 1)\n        return $bm_sum(b, c);\n    if (!p)\n        p = $bm_mul(d, 0.3);\n    if (!a || a < Math.abs(c)) {\n        a = c;\n        s = $bm_div(p, 4);\n    } else\n        s = $bm_mul($bm_div(p, $bm_mul(2, Math.PI)), Math.asin($bm_div(c, a)));\n    return $bm_sum($bm_sum($bm_mul($bm_mul(a, Math.pow(2, $bm_mul(-10, t))), Math.sin($bm_div($bm_mul($bm_sub($bm_mul(t, d), s), $bm_mul(2, Math.PI)), p))), c), b);\n}\nfunction easeAndWizz() {\n    var t, d, sX, eX, sY, eY, sZ, eZ, val1, val2, val2, val3;\n    var n = 0;\n    if (numKeys > 0) {\n        n = nearestKey(time).index;\n        if (key(n).time > time) {\n            n--;\n        }\n    }\n    try {\n        var key1 = key(n);\n        var key2 = key($bm_sum(n, 1));\n    } catch (e) {\n        return null;\n    }\n    var dim = 1;\n    try {\n        key(1)[1].length;\n        dim = 2;\n        key(1)[2].length;\n        dim = 3;\n    } catch (e) {\n    }\n    t = $bm_sub(time, key1.time);\n    d = $bm_sub(key2.time, key1.time);\n    sX = key1[0];\n    eX = $bm_sub(key2[0], key1[0]);\n    if (dim >= 2) {\n        sY = key1[1];\n        eY = $bm_sub(key2[1], key1[1]);\n        if (dim >= 3) {\n            sZ = key1[2];\n            eZ = $bm_sub(key2[2], key1[2]);\n        }\n    }\n    if (time < key1.time || time > key2.time) {\n        return value;\n    } else {\n        val1 = easeandwizz_outElastic(t, sX, eX, d);\n        switch (dim) {\n        case 1:\n            return val1;\n            break;\n        case 2:\n            val2 = easeandwizz_outElastic(t, sY, eY, d);\n            return [\n                val1,\n                val2\n            ];\n            break;\n        case 3:\n            val2 = easeandwizz_outElastic(t, sY, eY, d);\n            val3 = easeandwizz_outElastic(t, sZ, eZ, d);\n            return [\n                val1,\n                val2,\n                val3\n            ];\n            break;\n        default:\n            return null;\n        }\n    }\n}\n$bm_rt = easeAndWizz() || value;","l":2}},"ao":0,"ef":[{"ty":21,"nm":"Preenchimento","np":9,"mn":"ADBE Fill","ix":1,"en":1,"ef":[{"ty":10,"nm":"Máscara de preenchimento","mn":"ADBE Fill-0001","ix":1,"v":{"a":0,"k":0,"ix":1}},{"ty":7,"nm":"Todas as máscaras","mn":"ADBE Fill-0007","ix":2,"v":{"a":0,"k":0,"ix":2}},{"ty":2,"nm":"Cor","mn":"ADBE Fill-0002","ix":3,"v":{"a":0,"k":[1,1,1,1],"ix":3,"x":"var $bm_rt;\n$bm_rt = thisComp.layer('CONTROLS').effect('Color_2')('ADBE Color Control-0001');"}},{"ty":7,"nm":"Inverter","mn":"ADBE Fill-0006","ix":4,"v":{"a":0,"k":0,"ix":4}},{"ty":0,"nm":"Difusão horizontal","mn":"ADBE Fill-0003","ix":5,"v":{"a":0,"k":0,"ix":5}},{"ty":0,"nm":"Difusão vertical","mn":"ADBE Fill-0004","ix":6,"v":{"a":0,"k":0,"ix":6}},{"ty":0,"nm":"Opacidade","mn":"ADBE Fill-0005","ix":7,"v":{"a":0,"k":1,"ix":7}}]},{"ty":5,"nm":"CC Bend It","np":7,"mn":"CC Bend It","ix":2,"en":1,"ef":[{"ty":0,"nm":"Bend","mn":"CC Bend It-0001","ix":1,"v":{"a":1,"k":[{"i":{"x":[0.045],"y":[1]},"o":{"x":[0.815],"y":[0.025]},"t":0,"s":[-5]},{"i":{"x":[0.105],"y":[1]},"o":{"x":[0.895],"y":[0]},"t":25,"s":[5]},{"t":50,"s":[-5]}],"ix":1,"x":"var $bm_rt;\n$bm_rt = loopOut();"}},{"ty":3,"nm":"Start","mn":"CC Bend It-0002","ix":2,"v":{"a":0,"k":[298,478],"ix":2}},{"ty":3,"nm":"End","mn":"CC Bend It-0003","ix":3,"v":{"a":0,"k":[291,8],"ix":3}},{"ty":7,"nm":"Render Prestart","mn":"CC Bend It-0004","ix":4,"v":{"a":0,"k":3,"ix":4}},{"ty":7,"nm":"Distort","mn":"CC Bend It-0005","ix":5,"v":{"a":0,"k":1,"ix":5}}]}],"shapes":[{"ty":"gr","it":[{"ind":0,"ty":"sh","ix":1,"ks":{"a":0,"k":{"i":[[5.286,-8.155],[0.366,-2.723],[4.568,0],[0.996,38.332],[4.07,2.284],[3.294,-1.728],[0.073,-10.439],[5.725,0],[5.652,49.035],[1.42,1.991],[-21.084,28.317],[-9.429,0],[-11.084,-5.432],[-8.932,4.395],[-19.517,-26.311]],"o":[[-1.435,1.991],[-5.637,49.035],[-5.725,0],[-0.073,-10.439],[-3.368,-1.728],[-4.07,2.284],[-0.996,38.332],[-4.568,0],[-0.351,-2.723],[-5.359,-8.155],[9.649,-13.016],[9.576,0],[-4.363,1.288],[22.094,-10.571],[21.084,28.317]],"v":[[129.907,76.214],[127.183,83.505],[107.461,155.278],[84.962,120.84],[74.098,102.977],[63.439,102.977],[52.575,120.84],[29.744,155.278],[10.007,83.505],[7.371,76.214],[-2.643,-2.148],[24.5,-13.226],[56.201,-9.586],[79.488,-10.271],[139.848,-2.148]],"c":true},"ix":2},"nm":"Path 1","mn":"ADBE Vector Shape - Group","hd":false},{"ind":1,"ty":"sh","ix":2,"ks":{"a":0,"k":{"i":[[24.305,32.592],[21.874,-10.571],[2.723,-1.142],[17.641,3.259],[21.017,-22.129],[-8.36,-12.723],[-0.146,-1.142],[-13.295,0],[-1.142,43.471],[0,0.146],[-3.865,2.138],[-0.498,-0.146],[0,-4.144],[0,0],[0,0],[-11.874,0],[-6.149,53.471],[-0.644,0.864]],"o":[[-24.232,-32.753],[-2.709,1.288],[-2.709,-1.142],[-17.641,-3.259],[-24.305,32.592],[0.644,0.864],[6.223,53.471],[11.874,0],[0,-0.146],[0,-4.144],[0.498,-0.146],[3.865,2.138],[0,0],[0,0.146],[1.142,43.471],[13.295,0],[0.132,-1.142],[8.434,-12.723]],"v":[[147.564,-7.858],[76.714,-18.166],[68.559,-14.447],[49.875,-15.769],[-10.359,-7.858],[-0.711,81.499],[0.431,84.501],[29.744,165],[62.223,121.133],[62.223,120.84],[68.021,111.411],[69.515,111.411],[75.313,120.84],[75.313,120.84],[75.313,121.133],[107.461,165],[136.774,84.501],[137.916,81.499]],"c":true},"ix":2},"nm":"Path 2","mn":"ADBE Vector Shape - Group","hd":false},{"ty":"fl","c":{"a":0,"k":[0.101960785687,0.090196080506,0.105882354081,1],"ix":4},"o":{"a":0,"k":100,"ix":5},"r":1,"bm":0,"nm":"Fill 1","mn":"ADBE Vector Graphic - Fill","hd":false},{"ty":"tr","p":{"a":0,"k":[0,0],"ix":2},"a":{"a":0,"k":[0,0],"ix":1},"s":{"a":0,"k":[100,100],"ix":3},"r":{"a":0,"k":0,"ix":6},"o":{"a":0,"k":100,"ix":7},"sk":{"a":0,"k":0,"ix":4},"sa":{"a":0,"k":0,"ix":5},"nm":"Transformar"}],"nm":"Group 1","np":3,"cix":2,"bm":0,"ix":1,"mn":"ADBE Vector Group","hd":false}],"ip":0,"op":750,"st":0,"bm":0}],"markers":[]}